{"cameraMode":{"drawMode":0,"name":"Shaded","section":"Shading Mode"},"sceneLighting":true,"audioPlay":false,"sceneViewState":{"showFog":true,"showMaterialUpdate":false,"showSkybox":true,"showFlares":true,"showImageEffects":true,"showParticleSystems":true},"in2DMode":false,"pivot":{"x":501.6548156738281,"y":-8.903550148010254,"z":511.29718017578127},"rotation":{"x":-0.3188619613647461,"y":-0.22895754873752595,"z":0.07945837825536728,"w":-0.9163653254508972},"size":10.0,"orthographic":false}