{"cameraMode":{"drawMode":0,"name":"Shaded","section":"Shading Mode"},"sceneLighting":false,"audioPlay":false,"sceneViewState":{"showFog":true,"showMaterialUpdate":false,"showSkybox":false,"showFlares":true,"showImageEffects":true,"showParticleSystems":true},"in2DMode":false,"pivot":{"x":0.4686777591705322,"y":7.291110515594482,"z":1.320091724395752},"rotation":{"x":-0.009390797466039658,"y":0.27749139070510867,"z":-0.005311077926307917,"w":-0.9611906409263611},"size":7.738440990447998,"orthographic":false}