{"cameraMode":{"drawMode":0,"name":"Shaded","section":"Shading Mode"},"sceneLighting":false,"audioPlay":false,"sceneViewState":{"showFog":true,"showMaterialUpdate":false,"showSkybox":false,"showFlares":true,"showImageEffects":true,"showParticleSystems":true},"in2DMode":false,"pivot":{"x":-0.3761335611343384,"y":4.576770782470703,"z":1.6148717403411866},"rotation":{"x":-0.009390797466039658,"y":0.27749139070510867,"z":-0.005311077926307917,"w":-0.9611906409263611},"size":10.912343978881836,"orthographic":false}