{"cameraMode":{"drawMode":0,"name":"Shaded","section":"Shading Mode"},"sceneLighting":false,"audioPlay":false,"sceneViewState":{"showFog":true,"showMaterialUpdate":false,"showSkybox":false,"showFlares":true,"showImageEffects":true,"showParticleSystems":true},"in2DMode":false,"pivot":{"x":496.0299987792969,"y":1.7900002002716065,"z":506.59100341796877},"rotation":{"x":-0.43222764134407046,"y":-0.01687004044651985,"z":0.00782204233109951,"w":-0.9016664624214172},"size":2.598076581954956,"orthographic":false}