{"cameraMode":{"drawMode":0,"name":"Shaded","section":"Shading Mode"},"sceneLighting":false,"audioPlay":false,"sceneViewState":{"showFog":true,"showMaterialUpdate":false,"showSkybox":false,"showFlares":true,"showImageEffects":true,"showParticleSystems":true},"in2DMode":false,"pivot":{"x":2.89849853515625,"y":6.5490264892578129,"z":-2.284501552581787},"rotation":{"x":-0.009390797466039658,"y":0.27749139070510867,"z":-0.005311077926307917,"w":-0.9611906409263611},"size":7.988856315612793,"orthographic":false}