{"cameraMode":{"drawMode":0,"name":"Shaded","section":"Shading Mode"},"sceneLighting":false,"audioPlay":false,"sceneViewState":{"showFog":true,"showMaterialUpdate":false,"showSkybox":false,"showFlares":true,"showImageEffects":true,"showParticleSystems":true},"in2DMode":false,"pivot":{"x":545.4031982421875,"y":0.9999999403953552,"z":501.3966064453125},"rotation":{"x":-0.22007900476455689,"y":-0.3804776966571808,"z":0.09366863965988159,"w":-0.8934309482574463},"size":1.8269883394241334,"orthographic":false}