{"cameraMode":{"drawMode":0,"name":"Shaded","section":"Shading Mode"},"sceneLighting":true,"audioPlay":false,"sceneViewState":{"showFog":true,"showMaterialUpdate":true,"showSkybox":true,"showFlares":true,"showImageEffects":true,"showParticleSystems":true},"in2DMode":false,"pivot":{"x":426.5563659667969,"y":13.669710159301758,"z":539.4406127929688},"rotation":{"x":-0.017062602564692498,"y":-0.7231249809265137,"z":-0.01772480458021164,"w":0.6905043721199036},"size":3.0764219760894777,"orthographic":false}