{"cameraMode":{"drawMode":0,"name":"Shaded","section":"Shading Mode"},"sceneLighting":false,"audioPlay":false,"sceneViewState":{"showFog":true,"showMaterialUpdate":true,"showSkybox":false,"showFlares":true,"showImageEffects":true,"showParticleSystems":true},"in2DMode":false,"pivot":{"x":501.00848388671877,"y":-0.8223182559013367,"z":514.909912109375},"rotation":{"x":-0.24896709620952607,"y":-0.5067309737205505,"z":0.1555085927248001,"w":-0.8107215762138367},"size":1.448871374130249,"orthographic":false}