{"cameraMode":{"drawMode":0,"name":"Shaded","section":"Shading Mode"},"sceneLighting":false,"audioPlay":false,"sceneViewState":{"showFog":true,"showMaterialUpdate":true,"showSkybox":false,"showFlares":true,"showImageEffects":true,"showParticleSystems":true},"in2DMode":false,"pivot":{"x":488.9100036621094,"y":2.630000114440918,"z":506.55999755859377},"rotation":{"x":-0.3600981831550598,"y":0.06485223770141602,"z":-0.025102419778704644,"w":-0.9303193688392639},"size":3.0618622303009035,"orthographic":false}